{
  "timestamp": "2025-10-08T16:39:10.719354",
  "test_set_metrics": {
    "r2": 0.9282424267053908,
    "rmse": 2.2359047334392166,
    "mae": 1.537359028243872,
    "mape": 2.2091990256476453
  },
  "cv_metrics": {
    "temporal_cv_mean": 0.9996424678981232,
    "geographical_cv_mean": 0.9994922403056667,
    "status_cv_mean": 0.999377095505702,
    "stability_score": 0.9997582289557788
  },
  "residual_stats": {
    "mean": -0.11706715596189174,
    "std": 2.234874270475204,
    "max_error": 10.839683424582425
  }
}