{
  "r2_score": 0.9308212934986609,
  "rmse": 2.195359471286299,
  "mae": 1.5253720101111574,
  "mape": 0.021910144102351245,
  "residual_mean": -0.10641137767576347,
  "residual_std": 2.1927790191598437,
  "predictions_within_2yr": 0.7504553734061931,
  "predictions_within_3yr": 0.8597449908925319,
  "max_error": 10.86893081665039,
  "min_prediction": 51.24592590332031,
  "max_prediction": 86.0196304321289,
  "std_predictions": 7.9804463386535645
}